{
  "id": "3866748",
  "name": "music_player_button",
  "font_family": "iconfont",
  "css_prefix_text": "icon-",
  "description": "",
  "glyphs": [
    {
      "icon_id": "33814855",
      "name": "previousSong",
      "font_class": "previousSong",
      "unicode": "e604",
      "unicode_decimal": 58884
    },
    {
      "icon_id": "33814856",
      "name": "nextSong",
      "font_class": "nextSong",
      "unicode": "e605",
      "unicode_decimal": 58885
    },
    {
      "icon_id": "33814857",
      "name": "playing",
      "font_class": "playing",
      "unicode": "e606",
      "unicode_decimal": 58886
    },
    {
      "icon_id": "33814858",
      "name": "paused",
      "font_class": "paused",
      "unicode": "e607",
      "unicode_decimal": 58887
    }
  ]
}
